"ï»¿Username","First Name","Last Name","Email","Manager"
"user1","User 1","Last Name 1","user1@example.com","user30"
"user2","User 2","Last Name 2","user2@example.com","user30"
"user3","User 3","Last Name 3","user3@example.com","user30"
"user4","User 4","Last Name 4","user4@example.com","user30"
"user5","User 5","Last Name 5","user5@example.com","user30"
"user6","User 6","Last Name 6","user6@example.com","user2"
"user7","User 7","Last Name 7","user7@example.com","user2"
"user8","User 8","Last Name 8","user8@example.com","user2"
"user9","User 9","Last Name 9","user9@example.com","user2"
"user10","User 10","Last Name 10","user10@example.com","user2"
"user11","User 11","Last Name 11","user11@example.com","user10"
"user12","User 12","Last Name 12","user12@example.com","user10"
"user13","User 13","Last Name 13","user13@example.com","user10"
"user14","User 14","Last Name 14","user14@example.com","user10"
"user15","User 15","Last Name 15","user15@example.com","user10"
"user16","User 16","Last Name 16","user16@example.com","user10"
"user17","User 17","Last Name 17","user17@example.com","user10"
"user18","User 18","Last Name 18","user18@example.com","user10"
"user19","User 19","Last Name 19","user19@example.com","user10"
"user20","User 20","Last Name 20","user20@example.com","user10"
"user21","User 21","Last Name 21","user21@example.com","user10"
"user22","User 22","Last Name 22","user22@example.com","user10"
"user23","User 23","Last Name 23","user23@example.com","user22"
"user24","User 24","Last Name 24","user24@example.com","user22"
"user25","User 25","Last Name 25","user25@example.com","user22"
"user26","User 26","Last Name 26","user26@example.com","user22"
"user27","User 27","Last Name 27","user27@example.com","user22"
"user28","User 28","Last Name 28","user28@example.com","user22"
"user29","User 29","Last Name 29","user29@example.com","user22"
"user30","User 30","Last Name 30","user30@example.com",
"user31","User 31","Last Name 31","user31@example.com","user199"
"user32","User 32","Last Name 32","user32@example.com","user199"
"user33","User 33","Last Name 33","user33@example.com","user199"
"user34","User 34","Last Name 34","user34@example.com","user199"
"user35","User 35","Last Name 35","user35@example.com","user199"
"user36","User 36","Last Name 36","user36@example.com","user199"
"user37","User 37","Last Name 37","user37@example.com","user199"
"user38","User 38","Last Name 38","user38@example.com","user199"
"user39","User 39","Last Name 39","user39@example.com","user199"
"user40","User 40","Last Name 40","user40@example.com","user199"
"user41","User 41","Last Name 41","user41@example.com","user199"
"user42","User 42","Last Name 42","user42@example.com","user199"
"user43","User 43","Last Name 43","user43@example.com","user199"
"user44","User 44","Last Name 44","user44@example.com","user199"
"user45","User 45","Last Name 45","user45@example.com","user199"
"user46","User 46","Last Name 46","user46@example.com","user199"
"user47","User 47","Last Name 47","user47@example.com","user199"
"user48","User 48","Last Name 48","user48@example.com","user199"
"user49","User 49","Last Name 49","user49@example.com","user199"
"user50","User 50","Last Name 50","user50@example.com","user199"
"user51","User 51","Last Name 51","user51@example.com","user199"
"user52","User 52","Last Name 52","user52@example.com","user199"
"user53","User 53","Last Name 53","user53@example.com","user199"
"user54","User 54","Last Name 54","user54@example.com","user199"
"user55","User 55","Last Name 55","user55@example.com","user199"
"user56","User 56","Last Name 56","user56@example.com","user199"
"user57","User 57","Last Name 57","user57@example.com","user199"
"user58","User 58","Last Name 58","user58@example.com","user199"
"user59","User 59","Last Name 59","user59@example.com","user199"
"user60","User 60","Last Name 60","user60@example.com","user199"
"user61","User 61","Last Name 61","user61@example.com","user199"
"user62","User 62","Last Name 62","user62@example.com","user199"
"user63","User 63","Last Name 63","user63@example.com","user199"
"user64","User 64","Last Name 64","user64@example.com","user199"
"user65","User 65","Last Name 65","user65@example.com","user199"
"user66","User 66","Last Name 66","user66@example.com","user199"
"user67","User 67","Last Name 67","user67@example.com","user199"
"user68","User 68","Last Name 68","user68@example.com","user199"
"user69","User 69","Last Name 69","user69@example.com","user199"
"user70","User 70","Last Name 70","user70@example.com","user199"
"user71","User 71","Last Name 71","user71@example.com","user199"
"user72","User 72","Last Name 72","user72@example.com","user199"
"user73","User 73","Last Name 73","user73@example.com","user199"
"user74","User 74","Last Name 74","user74@example.com","user199"
"user75","User 75","Last Name 75","user75@example.com","user199"
"user76","User 76","Last Name 76","user76@example.com","user199"
"user77","User 77","Last Name 77","user77@example.com","user199"
"user78","User 78","Last Name 78","user78@example.com","user199"
"user79","User 79","Last Name 79","user79@example.com","user199"
"user80","User 80","Last Name 80","user80@example.com","user199"
"user81","User 81","Last Name 81","user81@example.com","user199"
"user82","User 82","Last Name 82","user82@example.com","user199"
"user83","User 83","Last Name 83","user83@example.com","user199"
"user84","User 84","Last Name 84","user84@example.com","user199"
"user85","User 85","Last Name 85","user85@example.com","user199"
"user86","User 86","Last Name 86","user86@example.com","user199"
"user87","User 87","Last Name 87","user87@example.com","user199"
"user88","User 88","Last Name 88","user88@example.com","user199"
"user89","User 89","Last Name 89","user89@example.com","user199"
"user90","User 90","Last Name 90","user90@example.com","user199"
"user91","User 91","Last Name 91","user91@example.com","user199"
"user92","User 92","Last Name 92","user92@example.com","user199"
"user93","User 93","Last Name 93","user93@example.com","user199"
"user94","User 94","Last Name 94","user94@example.com","user199"
"user95","User 95","Last Name 95","user95@example.com","user199"
"user96","User 96","Last Name 96","user96@example.com","user199"
"user97","User 97","Last Name 97","user97@example.com","user199"
"user98","User 98","Last Name 98","user98@example.com","user199"
"user99","User 99","Last Name 99","user99@example.com","user199"
"user100","User 100","Last Name 100","user100@example.com","user199"
"user101","User 101","Last Name 101","user101@example.com","user199"
"user102","User 102","Last Name 102","user102@example.com","user199"
"user103","User 103","Last Name 103","user103@example.com","user199"
"user104","User 104","Last Name 104","user104@example.com","user199"
"user105","User 105","Last Name 105","user105@example.com","user199"
"user106","User 106","Last Name 106","user106@example.com","user199"
"user107","User 107","Last Name 107","user107@example.com","user199"
"user108","User 108","Last Name 108","user108@example.com","user199"
"user109","User 109","Last Name 109","user109@example.com","user199"
"user110","User 110","Last Name 110","user110@example.com","user199"
"user111","User 111","Last Name 111","user111@example.com","user199"
"user112","User 112","Last Name 112","user112@example.com","user199"
"user113","User 113","Last Name 113","user113@example.com","user199"
"user114","User 114","Last Name 114","user114@example.com","user199"
"user115","User 115","Last Name 115","user115@example.com","user199"
"user116","User 116","Last Name 116","user116@example.com","user199"
"user117","User 117","Last Name 117","user117@example.com","user199"
"user118","User 118","Last Name 118","user118@example.com","user199"
"user119","User 119","Last Name 119","user119@example.com","user199"
"user120","User 120","Last Name 120","user120@example.com","user199"
"user121","User 121","Last Name 121","user121@example.com","user199"
"user122","User 122","Last Name 122","user122@example.com","user199"
"user123","User 123","Last Name 123","user123@example.com","user199"
"user124","User 124","Last Name 124","user124@example.com","user199"
"user125","User 125","Last Name 125","user125@example.com","user199"
"user126","User 126","Last Name 126","user126@example.com","user199"
"user127","User 127","Last Name 127","user127@example.com","user199"
"user128","User 128","Last Name 128","user128@example.com","user199"
"user129","User 129","Last Name 129","user129@example.com","user199"
"user130","User 130","Last Name 130","user130@example.com","user199"
"user131","User 131","Last Name 131","user131@example.com","user199"
"user132","User 132","Last Name 132","user132@example.com","user199"
"user133","User 133","Last Name 133","user133@example.com","user199"
"user134","User 134","Last Name 134","user134@example.com","user199"
"user135","User 135","Last Name 135","user135@example.com","user199"
"user136","User 136","Last Name 136","user136@example.com","user199"
"user137","User 137","Last Name 137","user137@example.com","user199"
"user138","User 138","Last Name 138","user138@example.com","user199"
"user139","User 139","Last Name 139","user139@example.com","user199"
"user140","User 140","Last Name 140","user140@example.com","user199"
"user141","User 141","Last Name 141","user141@example.com","user199"
"user142","User 142","Last Name 142","user142@example.com","user199"
"user143","User 143","Last Name 143","user143@example.com","user199"
"user144","User 144","Last Name 144","user144@example.com","user199"
"user145","User 145","Last Name 145","user145@example.com","user199"
"user146","User 146","Last Name 146","user146@example.com","user199"
"user147","User 147","Last Name 147","user147@example.com","user199"
"user148","User 148","Last Name 148","user148@example.com","user199"
"user149","User 149","Last Name 149","user149@example.com","user199"
"user150","User 150","Last Name 150","user150@example.com","user199"
"user151","User 151","Last Name 151","user151@example.com","user199"
"user152","User 152","Last Name 152","user152@example.com","user199"
"user153","User 153","Last Name 153","user153@example.com","user199"
"user154","User 154","Last Name 154","user154@example.com","user199"
"user155","User 155","Last Name 155","user155@example.com","user199"
"user156","User 156","Last Name 156","user156@example.com","user199"
"user157","User 157","Last Name 157","user157@example.com","user199"
"user158","User 158","Last Name 158","user158@example.com","user199"
"user159","User 159","Last Name 159","user159@example.com","user199"
"user160","User 160","Last Name 160","user160@example.com","user199"
"user161","User 161","Last Name 161","user161@example.com","user199"
"user162","User 162","Last Name 162","user162@example.com","user199"
"user163","User 163","Last Name 163","user163@example.com","user199"
"user164","User 164","Last Name 164","user164@example.com","user199"
"user165","User 165","Last Name 165","user165@example.com","user199"
"user166","User 166","Last Name 166","user166@example.com","user199"
"user167","User 167","Last Name 167","user167@example.com","user199"
"user168","User 168","Last Name 168","user168@example.com","user199"
"user169","User 169","Last Name 169","user169@example.com","user199"
"user170","User 170","Last Name 170","user170@example.com","user199"
"user171","User 171","Last Name 171","user171@example.com","user199"
"user172","User 172","Last Name 172","user172@example.com","user199"
"user173","User 173","Last Name 173","user173@example.com","user199"
"user174","User 174","Last Name 174","user174@example.com","user199"
"user175","User 175","Last Name 175","user175@example.com","user199"
"user176","User 176","Last Name 176","user176@example.com","user199"
"user177","User 177","Last Name 177","user177@example.com","user199"
"user178","User 178","Last Name 178","user178@example.com","user199"
"user179","User 179","Last Name 179","user179@example.com","user199"
"user180","User 180","Last Name 180","user180@example.com","user199"
"user181","User 181","Last Name 181","user181@example.com","user199"
"user182","User 182","Last Name 182","user182@example.com","user199"
"user183","User 183","Last Name 183","user183@example.com","user199"
"user184","User 184","Last Name 184","user184@example.com","user199"
"user185","User 185","Last Name 185","user185@example.com","user199"
"user186","User 186","Last Name 186","user186@example.com","user199"
"user187","User 187","Last Name 187","user187@example.com","user199"
"user188","User 188","Last Name 188","user188@example.com","user199"
"user189","User 189","Last Name 189","user189@example.com","user199"
"user190","User 190","Last Name 190","user190@example.com","user199"
"user191","User 191","Last Name 191","user191@example.com","user199"
"user192","User 192","Last Name 192","user192@example.com","user199"
"user193","User 193","Last Name 193","user193@example.com","user199"
"user194","User 194","Last Name 194","user194@example.com","user199"
"user195","User 195","Last Name 195","user195@example.com","user199"
"user196","User 196","Last Name 196","user196@example.com","user199"
"user197","User 197","Last Name 197","user197@example.com","user199"
"user198","User 198","Last Name 198","user198@example.com","user199"
"user199","User 199","Last Name 199","user199@example.com","user22"
